<savedata><SoftwareType>Freeware</SoftwareType><SoftwareID>Moo0&#160;SystemMonitor</SoftwareID><Version>1.83</Version><MainWindow><SoftwareType>Freeware</SoftwareType><SoftwareID>Moo0&#160;SystemMonitor</SoftwareID><Version Update="478611">1.83</Version><View ShowTaskBarButton="0" Transparency="100" TransparencyOnlyOnTop="0" WithBracket="0" KeepInScreen="0" RandomSkinLastChange="1723003644" AutoHide="0" AutoHideOnlyOnTop="0" AutoHideSec="1" AutoHideStyle="AUTOHIDE_TYPE_SHRINK" RefreshFrequency="1000" AlignType="ALIGN_TYPE_VERTICAL" SizeType="SIZE_TYPE_MEDIUM" CellWidthType="SIZE_TYPE_VERYLARGE" CellStyle="CELL_TYPE_FLAT" EasyDrag="1" Maximized="0" X="1151" Y="373" Width="208" Height="348" KeepOnTop="1"><HeaderFont Bold="0" Outline="1" Size="8" SizeCustom="8"></HeaderFont><DataFont Bold="1" Outline="1" Size="11" SizeCustom="10"></DataFont></View><LastVisible count="13"></LastVisible><Skin>Fresh&#160;M</Skin><Field MAIN_VILLAIN="0" BOTTLENECK="0" CPU_VILLAIN="0" CPU_USAGE_TOTAL="0" GPU_USAGE_TOTAL="0" DRIVE_FREE_BYTES_0="0" DISK_IO_TOTAL="0" HDD_VILLAIN="0" DISK_SEEK_TOTAL="0" DISK_BUSY_TOTAL="0" HDD_TEMP_C_0="0" PROCESS_NUM_TOTAL="1" CONNECTION_NUM_TOTAL="0" BATTERY_LEFT_TOTAL="1" UPTIME_NORMAL="1" NETWORK_GIP="1" MEMORY_USAGE_TOTAL="1" DRIVE_USED_TOTAL="1" CPU_TEMP_C_TOTAL="1" GPU_FAN_RPM_1="0" CPU_GHZ_TOTAL="0" COMPUTER_NAME="1" MEMORY_USED_BYTES_TOTAL="1" MEMORY_FREE_BYTES_TOTAL="1" MEM_VILLAIN="1" MEMORY_SWAPPED_TOTAL="1"></Field></MainWindow></savedata>